{
	"format_version": "1.8.0",
	"animations": {
		"slashattack": {
			"loop": "hold_on_last_frame",
			"animation_length": 3,
			"bones": {
				"body": {
					"position": {
						"0.0": {
							"vector": [0, 0, 0]
						},
						"1.0": {
							"vector": [0, 0, -16]
						},
						"1.0417": {
							"vector": [0, 0, 0],
							"easing": "easeInOutElastic"
						},
						"2.0": {
							"vector": [0, 0, -16]
						},
						"2.0417": {
							"vector": [0, 0, 0]
						},
						"3.0": {
							"vector": [0, 0, -16]
						}
					}
				},
				"torso": {
					"rotation": {
						"0.0": {
							"vector": [0, 0, 0]
						},
						"1.0": {
							"vector": [0, 37.5, 0]
						},
						"1.0833": {
							"vector": [0, -37.5, 0]
						},
						"2.0": {
							"vector": [0, -37.5, 0]
						},
						"2.0833": {
							"vector": [0, 37.5, 0]
						},
						"2.75": {
							"vector": [0, 37.5, 0]
						},
						"3.0": {
							"vector": [0, 0, 0]
						}
					}
				},
				"right_arm": {
					"rotation": {
						"0.0": {
							"vector": [-56.67276, -27.19124, -13.09934]
						},
						"1.0": {
							"vector": [-45.3146, 37.04541, -41.96232]
						},
						"1.2083": {
							"vector": [70.19241, -69.56772, -121.53893]
						},
						"2.0": {
							"vector": [0, -82.5, -25]
						},
						"2.2083": {
							"vector": [-79.48472, 19.97336, -65.55697]
						},
						"2.4167": {
							"vector": [0, 15, 0]
						},
						"2.75": {
							"vector": [3.96713, -14.47751, 164.49591]
						},
						"3.0": {
							"vector": [-173.53, -14.48, 164.5]
						}
					},
					"position": {
						"0.0": {
							"vector": [0, 0, 0]
						},
						"1.0": {
							"vector": [1, 0, 2]
						},
						"1.2083": {
							"vector": [1, -1, -3]
						},
						"2.0": {
							"vector": [1, -1, -3]
						},
						"2.2083": {
							"vector": [0, -1, 0]
						},
						"2.4167": {
							"vector": [0, -1, 2]
						},
						"2.75": {
							"vector": [0, -1, 2]
						},
						"3.0": {
							"vector": [0, 0, 0]
						}
					}
				},
				"left_arm": {
					"rotation": {
						"0.0": {
							"vector": [-65.67606, 31.99975, -5.23517]
						},
						"1.0": {
							"vector": [-109.61719, 67.6348, -72.96523]
						},
						"1.2083": {
							"vector": [-6.01454, -24.73748, -24.69223]
						},
						"2.0": {
							"vector": [-38.06891, -8.75168, 11.27784]
						},
						"2.2083": {
							"vector": [-94.23451, 55.18071, -25.08213]
						},
						"2.4167": {
							"vector": [-16.69303, 83.60423, 39.25271]
						},
						"2.75": {
							"vector": [63.86211, 78.72435, 202.4855]
						},
						"3.0": {
							"vector": [-10.06825, 40.52592, 25.04024]
						}
					},
					"position": {
						"0.0": {
							"vector": [0, 0, 0]
						},
						"1.0": {
							"vector": [-2, -2, -2]
						},
						"1.2083": {
							"vector": [-1, -1, 3]
						},
						"2.0": {
							"vector": [-1, -1, 3]
						},
						"2.2083": {
							"vector": [-1, -1, -3]
						},
						"2.4167": {
							"vector": [-1, -1, -3]
						},
						"2.75": {
							"vector": [-1, -1, -3]
						},
						"3.0": {
							"vector": [0, 0, 0]
						}
					}
				},
				"right_leg": {
					"rotation": {
						"0.0": {
							"vector": [0, 0, 0]
						},
						"1.0": {
							"vector": [30, 0, 0]
						},
						"2.0": {
							"vector": [-30, 0, 0]
						},
						"3.0": {
							"vector": [30, 0, 0]
						}
					}
				},
				"left_leg": {
					"rotation": {
						"0.0": {
							"vector": [0, 0, 0]
						},
						"1.0": {
							"vector": [-30, 0, 0]
						},
						"2.0": {
							"vector": [30, 0, 0]
						},
						"3.0": {
							"vector": [-30, 0, 0]
						}
					}
				}
			}
		}
	},
	"geckolib_format_version": 2
}